X,sepal_length,sepal_width,tree_age,location,colour_blossom,fruit_type
1,5.1,3.5,10,A_52,light_pink,apricot
2,4.9,3,10,A-52,light_pink,apricot
3,4.7,3.2,10,A-52,light_pink,apricot
4,4.6,3.1,10,A-52,light_pink,apricot
5,5,3.6,10,A-52,light_pink,apricot
6,5.4,3.9,8,A_50,light_pink,apricot
7,4.6,3.4,8,A_50,light_pink,apricot
8,5,3.4,8,A_50,light_pink,apricot
9,4.4,2.9,8,A_50,light_pink,apricot
10,4.9,3.1,8,A_50,light_pink,apricot
11,5.4,3.7,12,A_40,light_pink,apricot
12,4.8,3.4,12,A_40,light_pink,apricot
13,4.8,3,12,A_40,light_pink,apricot
14,4.3,3,12,A_40,light_pink,apricot
15,5.8,4,12,A_40,light_pink,apricot
16,5.7,4.4,11,B_10,light_pink,apricot
17,5.4,3.9,11,B_10,light_pink,apricot
18,5.1,3.5,11,B_10,light_pink,apricot
19,5.7,3.8,11,B_10,light_pink,apricot
20,5.1,3.8,11,B_10,light_pink,apricot
21,5.4,3.4,11,B_10,light_pink,apricot
22,5.1,3.7,9,B_06,light_pink,apricot
23,4.6,3.6,9,B_06,light_pink,apricot
24,5.1,3.3,9,B_06,light_pink,apricot
25,4.8,3.4,9,B_06,light_pink,apricot
26,5,3,9,B_06,light_pink,apricot
27,5,3.4,10,A_52,light_pink,apricot
28,5.2,3.5,10,A-52,light_pink,apricot
29,5.2,3.4,10,A-52,light_pink,apricot
30,4.7,3.2,10,A-52,light_pink,apricot
31,4.8,3.1,10,A-52,light_pink,apricot
32,5.4,3.4,8,A_50,light_pink,apricot
33,5.2,4.1,8,A_50,light_pink,apricot
34,5.5,4.2,8,A_50,light_pink,apricot
35,4.9,3.1,8,A_50,light_pink,apricot
36,5,3.2,8,A_50,light_pink,apricot
37,5.5,3.5,12,A_40,light_pink,apricot
38,4.9,3.1,12,A_40,light_pink,apricot
39,4.4,3,12,A_40,light_pink,apricot
40,5.1,3.4,12,A_40,light_pink,apricot
41,5,3.5,12,A_40,light_pink,apricot
42,4.5,2.3,11,B_10,light_pink,apricot
43,4.4,3.2,11,B_10,light_pink,apricot
44,5,3.5,11,B_10,light_pink,apricot
45,5.1,3.8,11,B_10,light_pink,apricot
46,4.8,3,11,B_10,light_pink,apricot
47,5.1,3.8,11,B_10,light_pink,apricot
48,4.6,3.2,9,B_06,light_pink,apricot
49,5.3,3.7,9,B_06,light_pink,apricot
50,5,3.3,9,B_06,light_pink,apricot
51,7,3.2,9,B_06,pink,peach
52,6.4,3.2,9,B_06,pink,peach
53,6.9,3.1,10,A_52,pink,peach
54,5.5,2.3,10,A-52,pink,peach
55,6.5,2.8,10,A-52,pink,peach
56,5.7,2.8,10,A-52,pink,peach
57,6.3,3.3,10,A-52,pink,peach
58,4.9,2.4,8,A_50,pink,peach
59,6.6,2.9,8,A_50,pink,peach
60,5.2,2.7,8,A_50,pink,peach
61,5,2,8,A_50,pink,peach
62,5.9,3,8,A_50,pink,peach
63,6,2.2,12,A_40,pink,peach
64,6.1,2.9,12,A_40,pink,peach
65,5.6,2.9,12,A_40,pink,peach
66,6.7,3.1,12,A_40,pink,peach
67,5.6,3,12,A_40,pink,peach
68,5.8,2.7,11,B_10,pink,peach
69,6.2,2.2,11,B_10,pink,peach
70,5.6,2.5,11,B_10,pink,peach
71,5.9,3.2,11,B_10,pink,peach
72,6.1,2.8,11,B_10,pink,peach
73,6.3,2.5,11,B_10,pink,peach
74,6.1,2.8,9,B_06,pink,peach
75,6.4,2.9,9,B_06,pink,peach
76,6.6,3,9,B_06,pink,peach
77,6.8,2.8,9,B_06,pink,peach
78,6.7,3,9,B_06,pink,peach
79,6,2.9,10,A_52,pink,peach
80,5.7,2.6,10,A-52,pink,peach
81,5.5,2.4,10,A-52,pink,peach
82,5.5,2.4,10,A-52,pink,peach
83,5.8,2.7,10,A-52,pink,peach
84,6,2.7,8,A_50,pink,peach
85,5.4,3,8,A_50,pink,peach
86,6,3.4,8,A_50,pink,peach
87,6.7,3.1,8,A_50,pink,peach
88,6.3,2.3,8,A_50,pink,peach
89,5.6,3,12,A_40,pink,peach
90,5.5,2.5,12,A_40,pink,peach
91,5.5,2.6,12,A_40,pink,peach
92,6.1,3,12,A_40,pink,peach
93,5.8,2.6,12,A_40,pink,peach
94,5,2.3,11,B_10,pink,peach
95,5.6,2.7,11,B_10,pink,peach
96,5.7,3,11,B_10,pink,peach
97,5.7,2.9,11,B_10,pink,peach
98,6.2,2.9,11,B_10,pink,peach
99,5.1,2.5,11,B_10,pink,peach
100,5.7,2.8,9,B_06,pink,peach
101,6.3,3.3,9,B_06,white,plum
102,5.8,2.7,9,B_06,white,plum
103,7.1,3,9,B_06,white,plum
104,6.3,2.9,9,B_06,white,plum
105,6.5,3,10,A_52,white,plum
106,7.6,3,10,A-52,white,plum
107,4.9,2.5,10,A-52,white,plum
108,7.3,2.9,10,A-52,white,plum
109,6.7,2.5,10,A-52,white,plum
110,7.2,3.6,8,A_50,white,plum
111,6.5,3.2,8,A_50,white,plum
112,6.4,2.7,8,A_50,white,plum
113,6.8,3,8,A_50,white,plum
114,5.7,2.5,8,A_50,white,plum
115,5.8,2.8,12,A_40,white,plum
116,6.4,3.2,12,A_40,white,plum
117,6.5,3,12,A_40,white,plum
118,7.7,3.8,12,A_40,white,plum
119,7.7,2.6,12,A_40,white,plum
120,6,2.2,11,B_10,white,plum
121,6.9,3.2,11,B_10,white,plum
122,5.6,2.8,11,B_10,white,plum
123,7.7,2.8,11,B_10,white,plum
124,6.3,2.7,11,B_10,white,plum
125,6.7,3.3,11,B_10,white,plum
126,7.2,3.2,9,B_06,white,plum
127,6.2,2.8,9,B_06,white,plum
128,6.1,3,9,B_06,white,plum
129,6.4,2.8,9,B_06,white,plum
130,7.2,3,9,B_06,white,plum
131,7.4,2.8,10,A_52,white,plum
132,7.9,3.8,10,A-52,white,plum
133,6.4,2.8,10,A-52,white,plum
134,6.3,2.8,10,A-52,white,plum
135,6.1,2.6,10,A-52,white,plum
136,7.7,3,8,A_50,white,plum
137,6.3,3.4,8,A_50,white,plum
138,6.4,3.1,8,A_50,white,plum
139,6,3,8,A_50,white,plum
140,6.9,3.1,8,A_50,white,plum
141,6.7,3.1,12,A_40,white,plum
142,6.9,3.1,12,A_40,white,plum
143,5.8,2.7,12,A_40,white,plum
144,6.8,3.2,12,A_40,white,plum
145,6.7,3.3,12,A_40,white,plum
146,6.7,3,11,B_10,white,plum
147,6.3,2.5,11,B_10,white,plum
148,6.5,3,11,B_10,white,plum
149,6.2,3.4,11,B_10,white,plum
150,5.9,3,11,B_10,white,plum
151,5.61,3.675,10,A_52,light_pink,apricot
152,5.39,3.15,10,A-52,light_pink,apricot
153,5.17,3.36,10,A-52,light_pink,apricot
154,5.06,3.255,10,A-52,light_pink,apricot
155,5.5,3.78,10,A-52,light_pink,apricot
156,5.94,4.095,8,A_50,light_pink,apricot
157,5.06,3.57,8,A_50,light_pink,apricot
158,5.5,3.57,8,A_50,light_pink,apricot
159,4.84,3.045,8,A_50,light_pink,apricot
160,5.39,3.255,8,A_50,light_pink,apricot
161,5.94,3.885,12,A_40,light_pink,apricot
162,5.28,3.57,12,A_40,light_pink,apricot
163,5.28,3.15,12,A_40,light_pink,apricot
164,4.73,3.15,12,A_40,light_pink,apricot
165,6.38,4.2,12,A_40,light_pink,apricot
166,6.27,4.62,11,B_10,light_pink,apricot
167,5.94,4.095,11,B_10,light_pink,apricot
168,5.61,3.675,11,B_10,light_pink,apricot
169,6.27,3.99,11,B_10,light_pink,apricot
170,5.61,3.99,11,B_10,light_pink,apricot
171,5.94,3.57,11,B_10,light_pink,apricot
172,5.61,3.885,9,B_06,light_pink,apricot
173,5.06,3.78,9,B_06,light_pink,apricot
174,5.61,3.465,9,B_06,light_pink,apricot
175,5.28,3.57,9,B_06,light_pink,apricot
176,5.5,3.15,9,B_06,light_pink,apricot
177,5.5,3.57,10,A_52,light_pink,apricot
178,5.72,3.675,10,A-52,light_pink,apricot
179,5.72,3.57,10,A-52,light_pink,apricot
180,5.17,3.36,10,A-52,light_pink,apricot
181,5.28,3.255,10,A-52,light_pink,apricot
182,5.94,3.57,8,A_50,light_pink,apricot
183,5.72,4.305,8,A_50,light_pink,apricot
184,6.05,4.41,8,A_50,light_pink,apricot
185,5.39,3.255,8,A_50,light_pink,apricot
186,5.5,3.36,8,A_50,light_pink,apricot
187,6.05,3.675,12,A_40,light_pink,apricot
188,5.39,3.255,12,A_40,light_pink,apricot
189,4.84,3.15,12,A_40,light_pink,apricot
190,5.61,3.57,12,A_40,light_pink,apricot
191,5.5,3.675,12,A_40,light_pink,apricot
192,4.95,2.415,11,B_10,light_pink,apricot
193,4.84,3.36,11,B_10,light_pink,apricot
194,5.5,3.675,11,B_10,light_pink,apricot
195,5.61,3.99,11,B_10,light_pink,apricot
196,5.28,3.15,11,B_10,light_pink,apricot
197,5.61,3.99,11,B_10,light_pink,apricot
198,5.06,3.36,9,B_06,light_pink,apricot
199,5.83,3.885,9,B_06,light_pink,apricot
200,5.5,3.465,9,B_06,light_pink,apricot
201,7.7,3.36,9,B_06,pink,peach
202,7.04,3.36,9,B_06,pink,peach
203,7.59,3.255,10,A_52,pink,peach
204,6.05,2.415,10,A-52,pink,peach
205,7.15,2.94,10,A-52,pink,peach
206,6.27,2.94,10,A-52,pink,peach
207,6.93,3.465,10,A-52,pink,peach
208,5.39,2.52,8,A_50,pink,peach
209,7.26,3.045,8,A_50,pink,peach
210,5.72,2.835,8,A_50,pink,peach
211,5.5,2.1,8,A_50,pink,peach
212,6.49,3.15,8,A_50,pink,peach
213,6.6,2.31,12,A_40,pink,peach
214,6.71,3.045,12,A_40,pink,peach
215,6.16,3.045,12,A_40,pink,peach
216,7.37,3.255,12,A_40,pink,peach
217,6.16,3.15,12,A_40,pink,peach
218,6.38,2.835,11,B_10,pink,peach
219,6.82,2.31,11,B_10,pink,peach
220,6.16,2.625,11,B_10,pink,peach
221,6.49,3.36,11,B_10,pink,peach
222,6.71,2.94,11,B_10,pink,peach
223,6.93,2.625,11,B_10,pink,peach
224,6.71,2.94,9,B_06,pink,peach
225,7.04,3.045,9,B_06,pink,peach
226,7.26,3.15,9,B_06,pink,peach
227,7.48,2.94,9,B_06,pink,peach
228,7.37,3.15,9,B_06,pink,peach
229,6.6,3.045,10,A_52,pink,peach
230,6.27,2.73,10,A-52,pink,peach
231,6.05,2.52,10,A-52,pink,peach
232,6.05,2.52,10,A-52,pink,peach
233,6.38,2.835,10,A-52,pink,peach
234,6.6,2.835,8,A_50,pink,peach
235,5.94,3.15,8,A_50,pink,peach
236,6.6,3.57,8,A_50,pink,peach
237,7.37,3.255,8,A_50,pink,peach
238,6.93,2.415,8,A_50,pink,peach
239,6.16,3.15,12,A_40,pink,peach
240,6.05,2.625,12,A_40,pink,peach
241,6.05,2.73,12,A_40,pink,peach
242,6.71,3.15,12,A_40,pink,peach
243,6.38,2.73,12,A_40,pink,peach
244,5.5,2.415,11,B_10,pink,peach
245,6.16,2.835,11,B_10,pink,peach
246,6.27,3.15,11,B_10,pink,peach
247,6.27,3.045,11,B_10,pink,peach
248,6.82,3.045,11,B_10,pink,peach
249,5.61,2.625,11,B_10,pink,peach
250,6.27,2.94,9,B_06,pink,peach
251,6.93,3.465,9,B_06,white,plum
252,6.38,2.835,9,B_06,white,plum
253,7.81,3.15,9,B_06,white,plum
254,6.93,3.045,9,B_06,white,plum
255,7.15,3.15,10,A_52,white,plum
256,8.36,3.15,10,A-52,white,plum
257,5.39,2.625,10,A-52,white,plum
258,8.03,3.045,10,A-52,white,plum
259,7.37,2.625,10,A-52,white,plum
260,7.92,3.78,8,A_50,white,plum
261,7.15,3.36,8,A_50,white,plum
262,7.04,2.835,8,A_50,white,plum
263,7.48,3.15,8,A_50,white,plum
264,6.27,2.625,8,A_50,white,plum
265,6.38,2.94,12,A_40,white,plum
266,7.04,3.36,12,A_40,white,plum
267,7.15,3.15,12,A_40,white,plum
268,8.47,3.99,12,A_40,white,plum
269,8.47,2.73,12,A_40,white,plum
270,6.6,2.31,11,B_10,white,plum
271,7.59,3.36,11,B_10,white,plum
272,6.16,2.94,11,B_10,white,plum
273,8.47,2.94,11,B_10,white,plum
274,6.93,2.835,11,B_10,white,plum
275,7.37,3.465,11,B_10,white,plum
276,7.92,3.36,9,B_06,white,plum
277,6.82,2.94,9,B_06,white,plum
278,6.71,3.15,9,B_06,white,plum
279,7.04,2.94,9,B_06,white,plum
280,7.92,3.15,9,B_06,white,plum
281,8.14,2.94,10,A_52,white,plum
282,8.69,3.99,10,A-52,white,plum
283,7.04,2.94,10,A-52,white,plum
284,6.93,2.94,10,A-52,white,plum
285,6.71,2.73,10,A-52,white,plum
286,8.47,3.15,8,A_50,white,plum
287,6.93,3.57,8,A_50,white,plum
288,7.04,3.255,8,A_50,white,plum
289,6.6,3.15,8,A_50,white,plum
290,7.59,3.255,8,A_50,white,plum
291,7.37,3.255,12,A_40,white,plum
292,7.59,3.255,12,A_40,white,plum
293,6.38,2.835,12,A_40,white,plum
294,7.48,3.36,12,A_40,white,plum
295,7.37,3.465,12,A_40,white,plum
296,7.37,3.15,11,B_10,white,plum
297,6.93,2.625,11,B_10,white,plum
298,7.15,3.15,11,B_10,white,plum
299,6.82,3.57,11,B_10,white,plum
300,6.49,3.15,11,B_10,white,plum
301,6.12,3.7,10,A_52,light_pink,apricot
302,5.88,3.2,10,A-52,light_pink,apricot
303,5.64,3.4,10,A-52,light_pink,apricot
304,5.52,3.3,10,A-52,light_pink,apricot
305,6,3.8,10,A-52,light_pink,apricot
306,6.48,4.1,8,A_50,light_pink,apricot
307,5.52,3.6,8,A_50,light_pink,apricot
308,6,3.6,8,A_50,light_pink,apricot
309,5.28,3.1,8,A_50,light_pink,apricot
310,5.88,3.3,8,A_50,light_pink,apricot
311,6.48,3.9,12,A_40,light_pink,apricot
312,5.76,3.6,12,A_40,light_pink,apricot
313,5.76,3.2,12,A_40,light_pink,apricot
314,5.16,3.2,12,A_40,light_pink,apricot
315,6.96,4.2,12,A_40,light_pink,apricot
316,6.84,4.6,11,B_10,light_pink,apricot
317,6.48,4.1,11,B_10,light_pink,apricot
318,6.12,3.7,11,B_10,light_pink,apricot
319,6.84,4,11,B_10,light_pink,apricot
320,6.12,4,11,B_10,light_pink,apricot
321,6.48,3.6,11,B_10,light_pink,apricot
322,6.12,3.9,9,B_06,light_pink,apricot
323,5.52,3.8,9,B_06,light_pink,apricot
324,6.12,3.5,9,B_06,light_pink,apricot
325,5.76,3.6,9,B_06,light_pink,apricot
326,6,3.2,9,B_06,light_pink,apricot
327,6,3.6,10,A_52,light_pink,apricot
328,6.24,3.7,10,A-52,light_pink,apricot
329,6.24,3.6,10,A-52,light_pink,apricot
330,5.64,3.4,10,A-52,light_pink,apricot
331,5.76,3.3,10,A-52,light_pink,apricot
332,6.48,3.6,8,A_50,light_pink,apricot
333,6.24,4.3,8,A_50,light_pink,apricot
334,6.6,4.4,8,A_50,light_pink,apricot
335,5.88,3.3,8,A_50,light_pink,apricot
336,6,3.4,8,A_50,light_pink,apricot
337,6.6,3.7,12,A_40,light_pink,apricot
338,5.88,3.3,12,A_40,light_pink,apricot
339,5.28,3.2,12,A_40,light_pink,apricot
340,6.12,3.6,12,A_40,light_pink,apricot
341,6,3.7,12,A_40,light_pink,apricot
342,5.4,2.5,11,B_10,light_pink,apricot
343,5.28,3.4,11,B_10,light_pink,apricot
344,6,3.7,11,B_10,light_pink,apricot
345,6.12,4,11,B_10,light_pink,apricot
346,5.76,3.2,11,B_10,light_pink,apricot
347,6.12,4,11,B_10,light_pink,apricot
348,5.52,3.4,9,B_06,light_pink,apricot
349,6.36,3.9,9,B_06,light_pink,apricot
350,6,3.5,9,B_06,light_pink,apricot
351,8.4,3.4,9,B_06,pink,peach
352,7.68,3.4,9,B_06,pink,peach
353,8.28,3.3,10,A_52,pink,peach
354,6.6,2.5,10,A-52,pink,peach
355,7.8,3,10,A-52,pink,peach
356,6.84,3,10,A-52,pink,peach
357,7.56,3.5,10,A-52,pink,peach
358,5.88,2.6,8,A_50,pink,peach
359,7.92,3.1,8,A_50,pink,peach
360,6.24,2.9,8,A_50,pink,peach
361,6,2.2,8,A_50,pink,peach
362,7.08,3.2,8,A_50,pink,peach
363,7.2,2.4,12,A_40,pink,peach
364,7.32,3.1,12,A_40,pink,peach
365,6.72,3.1,12,A_40,pink,peach
366,8.04,3.3,12,A_40,pink,peach
367,6.72,3.2,12,A_40,pink,peach
368,6.96,2.9,11,B_10,pink,peach
369,7.44,2.4,11,B_10,pink,peach
370,6.72,2.7,11,B_10,pink,peach
371,7.08,3.4,11,B_10,pink,peach
372,7.32,3,11,B_10,pink,peach
373,7.56,2.7,11,B_10,pink,peach
374,7.32,3,9,B_06,pink,peach
375,7.68,3.1,9,B_06,pink,peach
376,7.92,3.2,9,B_06,pink,peach
377,8.16,3,9,B_06,pink,peach
378,8.04,3.2,9,B_06,pink,peach
379,7.2,3.1,10,A_52,pink,peach
380,6.84,2.8,10,A-52,pink,peach
381,6.6,2.6,10,A-52,pink,peach
382,6.6,2.6,10,A-52,pink,peach
383,6.96,2.9,10,A-52,pink,peach
384,7.2,2.9,8,A_50,pink,peach
385,6.48,3.2,8,A_50,pink,peach
386,7.2,3.6,8,A_50,pink,peach
387,8.04,3.3,8,A_50,pink,peach
388,7.56,2.5,8,A_50,pink,peach
389,6.72,3.2,12,A_40,pink,peach
390,6.6,2.7,12,A_40,pink,peach
391,6.6,2.8,12,A_40,pink,peach
392,7.32,3.2,12,A_40,pink,peach
393,6.96,2.8,12,A_40,pink,peach
394,6,2.5,11,B_10,pink,peach
395,6.72,2.9,11,B_10,pink,peach
396,6.84,3.2,11,B_10,pink,peach
397,6.84,3.1,11,B_10,pink,peach
398,7.44,3.1,11,B_10,pink,peach
399,6.12,2.7,11,B_10,pink,peach
400,6.84,3,9,B_06,pink,peach
401,7.56,3.5,9,B_06,white,plum
402,6.96,2.9,9,B_06,white,plum
403,8.52,3.2,9,B_06,white,plum
404,7.56,3.1,9,B_06,white,plum
405,7.8,3.2,10,A_52,white,plum
406,9.12,3.2,10,A-52,white,plum
407,5.88,2.7,10,A-52,white,plum
408,8.76,3.1,10,A-52,white,plum
409,8.04,2.7,10,A-52,white,plum
410,8.64,3.8,8,A_50,white,plum
411,7.8,3.4,8,A_50,white,plum
412,7.68,2.9,8,A_50,white,plum
413,8.16,3.2,8,A_50,white,plum
414,6.84,2.7,8,A_50,white,plum
415,6.96,3,12,A_40,white,plum
416,7.68,3.4,12,A_40,white,plum
417,7.8,3.2,12,A_40,white,plum
418,9.24,4,12,A_40,white,plum
419,9.24,2.8,12,A_40,white,plum
420,7.2,2.4,11,B_10,white,plum
421,8.28,3.4,11,B_10,white,plum
422,6.72,3,11,B_10,white,plum
423,9.24,3,11,B_10,white,plum
424,7.56,2.9,11,B_10,white,plum
425,8.04,3.5,11,B_10,white,plum
426,8.64,3.4,9,B_06,white,plum
427,7.44,3,9,B_06,white,plum
428,7.32,3.2,9,B_06,white,plum
429,7.68,3,9,B_06,white,plum
430,8.64,3.2,9,B_06,white,plum
431,8.88,3,10,A_52,white,plum
432,9.48,4,10,A-52,white,plum
433,7.68,3,10,A-52,white,plum
434,7.56,3,10,A-52,white,plum
435,7.32,2.8,10,A-52,white,plum
436,9.24,3.2,8,A_50,white,plum
437,7.56,3.6,8,A_50,white,plum
438,7.68,3.3,8,A_50,white,plum
439,7.2,3.2,8,A_50,white,plum
440,8.28,3.3,8,A_50,white,plum
441,8.04,3.3,12,A_40,white,plum
442,8.28,3.3,12,A_40,white,plum
443,6.96,2.9,12,A_40,white,plum
444,8.16,3.4,12,A_40,white,plum
445,8.04,3.5,12,A_40,white,plum
446,8.04,3.2,11,B_10,white,plum
447,7.56,2.7,11,B_10,white,plum
448,7.8,3.2,11,B_10,white,plum
449,7.44,3.6,11,B_10,white,plum
450,7.08,3.2,11,B_10,white,plum
451,4.675,3.195652174,10,A_52,light_pink,apricot
452,4.491666667,2.739130435,10,A-52,light_pink,apricot
453,4.308333333,2.92173913,10,A-52,light_pink,apricot
454,4.216666667,2.830434783,10,A-52,light_pink,apricot
455,4.583333333,3.286956522,10,A-52,light_pink,apricot
456,4.95,3.560869565,8,A_50,light_pink,apricot
457,4.216666667,3.104347826,8,A_50,light_pink,apricot
458,4.583333333,3.104347826,8,A_50,light_pink,apricot
459,4.033333333,2.647826087,8,A_50,light_pink,apricot
460,4.491666667,2.830434783,8,A_50,light_pink,apricot
461,4.95,3.37826087,12,A_40,light_pink,apricot
462,4.4,3.104347826,12,A_40,light_pink,apricot
463,4.4,2.739130435,12,A_40,light_pink,apricot
464,3.941666667,2.739130435,12,A_40,light_pink,apricot
465,5.316666667,3.652173913,12,A_40,light_pink,apricot
466,5.225,4.017391304,11,B_10,light_pink,apricot
467,4.95,3.560869565,11,B_10,light_pink,apricot
468,4.675,3.195652174,11,B_10,light_pink,apricot
469,5.225,3.469565217,11,B_10,light_pink,apricot
470,4.675,3.469565217,11,B_10,light_pink,apricot
471,4.95,3.104347826,11,B_10,light_pink,apricot
472,4.675,3.37826087,9,B_06,light_pink,apricot
473,4.216666667,3.286956522,9,B_06,light_pink,apricot
474,4.675,3.013043478,9,B_06,light_pink,apricot
475,4.4,3.104347826,9,B_06,light_pink,apricot
476,4.583333333,2.739130435,9,B_06,light_pink,apricot
477,4.583333333,3.104347826,10,A_52,light_pink,apricot
478,4.766666667,3.195652174,10,A-52,light_pink,apricot
479,4.766666667,3.104347826,10,A-52,light_pink,apricot
480,4.308333333,2.92173913,10,A-52,light_pink,apricot
481,4.4,2.830434783,10,A-52,light_pink,apricot
482,4.95,3.104347826,8,A_50,light_pink,apricot
483,4.766666667,3.743478261,8,A_50,light_pink,apricot
484,5.041666667,3.834782609,8,A_50,light_pink,apricot
485,4.491666667,2.830434783,8,A_50,light_pink,apricot
486,4.583333333,2.92173913,8,A_50,light_pink,apricot
487,5.041666667,3.195652174,12,A_40,light_pink,apricot
488,4.491666667,2.830434783,12,A_40,light_pink,apricot
489,4.033333333,2.739130435,12,A_40,light_pink,apricot
490,4.675,3.104347826,12,A_40,light_pink,apricot
491,4.583333333,3.195652174,12,A_40,light_pink,apricot
492,4.125,2.1,11,B_10,light_pink,apricot
493,4.033333333,2.92173913,11,B_10,light_pink,apricot
494,4.583333333,3.195652174,11,B_10,light_pink,apricot
495,4.675,3.469565217,11,B_10,light_pink,apricot
496,4.4,2.739130435,11,B_10,light_pink,apricot
497,4.675,3.469565217,11,B_10,light_pink,apricot
498,4.216666667,2.92173913,9,B_06,light_pink,apricot
499,4.858333333,3.37826087,9,B_06,light_pink,apricot
500,4.583333333,3.013043478,9,B_06,light_pink,apricot
501,6.416666667,2.92173913,9,B_06,pink,peach
502,5.866666667,2.92173913,9,B_06,pink,peach
503,6.325,2.830434783,10,A_52,pink,peach
504,5.041666667,2.1,10,A-52,pink,peach
505,5.958333333,2.556521739,10,A-52,pink,peach
506,5.225,2.556521739,10,A-52,pink,peach
507,5.775,3.013043478,10,A-52,pink,peach
508,4.491666667,2.191304348,8,A_50,pink,peach
509,6.05,2.647826087,8,A_50,pink,peach
510,4.766666667,2.465217391,8,A_50,pink,peach
511,4.583333333,1.826086957,8,A_50,pink,peach
512,5.408333333,2.739130435,8,A_50,pink,peach
513,5.5,2.008695652,12,A_40,pink,peach
514,5.591666667,2.647826087,12,A_40,pink,peach
515,5.133333333,2.647826087,12,A_40,pink,peach
516,6.141666667,2.830434783,12,A_40,pink,peach
517,5.133333333,2.739130435,12,A_40,pink,peach
518,5.316666667,2.465217391,11,B_10,pink,peach
519,5.683333333,2.008695652,11,B_10,pink,peach
520,5.133333333,2.282608696,11,B_10,pink,peach
521,5.408333333,2.92173913,11,B_10,pink,peach
522,5.591666667,2.556521739,11,B_10,pink,peach
523,5.775,2.282608696,11,B_10,pink,peach
524,5.591666667,2.556521739,9,B_06,pink,peach
525,5.866666667,2.647826087,9,B_06,pink,peach
526,6.05,2.739130435,9,B_06,pink,peach
527,6.233333333,2.556521739,9,B_06,pink,peach
528,6.141666667,2.739130435,9,B_06,pink,peach
529,5.5,2.647826087,10,A_52,pink,peach
530,5.225,2.373913043,10,A-52,pink,peach
531,5.041666667,2.191304348,10,A-52,pink,peach
532,5.041666667,2.191304348,10,A-52,pink,peach
533,5.316666667,2.465217391,10,A-52,pink,peach
534,5.5,2.465217391,8,A_50,pink,peach
535,4.95,2.739130435,8,A_50,pink,peach
536,5.5,3.104347826,8,A_50,pink,peach
537,6.141666667,2.830434783,8,A_50,pink,peach
538,5.775,2.1,8,A_50,pink,peach
539,5.133333333,2.739130435,12,A_40,pink,peach
540,5.041666667,2.282608696,12,A_40,pink,peach
541,5.041666667,2.373913043,12,A_40,pink,peach
542,5.591666667,2.739130435,12,A_40,pink,peach
543,5.316666667,2.373913043,12,A_40,pink,peach
544,4.583333333,2.1,11,B_10,pink,peach
545,5.133333333,2.465217391,11,B_10,pink,peach
546,5.225,2.739130435,11,B_10,pink,peach
547,5.225,2.647826087,11,B_10,pink,peach
548,5.683333333,2.647826087,11,B_10,pink,peach
549,4.675,2.282608696,11,B_10,pink,peach
550,5.225,2.556521739,9,B_06,pink,peach
551,5.775,3.013043478,9,B_06,white,plum
552,5.316666667,2.465217391,9,B_06,white,plum
553,6.508333333,2.739130435,9,B_06,white,plum
554,5.775,2.647826087,9,B_06,white,plum
555,5.958333333,2.739130435,10,A_52,white,plum
556,6.966666667,2.739130435,10,A-52,white,plum
557,4.491666667,2.282608696,10,A-52,white,plum
558,6.691666667,2.647826087,10,A-52,white,plum
559,6.141666667,2.282608696,10,A-52,white,plum
560,6.6,3.286956522,8,A_50,white,plum
561,5.958333333,2.92173913,8,A_50,white,plum
562,5.866666667,2.465217391,8,A_50,white,plum
563,6.233333333,2.739130435,8,A_50,white,plum
564,5.225,2.282608696,8,A_50,white,plum
565,5.316666667,2.556521739,12,A_40,white,plum
566,5.866666667,2.92173913,12,A_40,white,plum
567,5.958333333,2.739130435,12,A_40,white,plum
568,7.058333333,3.469565217,12,A_40,white,plum
569,7.058333333,2.373913043,12,A_40,white,plum
570,5.5,2.008695652,11,B_10,white,plum
571,6.325,2.92173913,11,B_10,white,plum
572,5.133333333,2.556521739,11,B_10,white,plum
573,7.058333333,2.556521739,11,B_10,white,plum
574,5.775,2.465217391,11,B_10,white,plum
575,6.141666667,3.013043478,11,B_10,white,plum
576,6.6,2.92173913,9,B_06,white,plum
577,5.683333333,2.556521739,9,B_06,white,plum
578,5.591666667,2.739130435,9,B_06,white,plum
579,5.866666667,2.556521739,9,B_06,white,plum
580,6.6,2.739130435,9,B_06,white,plum
581,6.783333333,2.556521739,10,A_52,white,plum
582,7.241666667,3.469565217,10,A-52,white,plum
583,5.866666667,2.556521739,10,A-52,white,plum
584,5.775,2.556521739,10,A-52,white,plum
585,5.591666667,2.373913043,10,A-52,white,plum
586,7.058333333,2.739130435,8,A_50,white,plum
587,5.775,3.104347826,8,A_50,white,plum
588,5.866666667,2.830434783,8,A_50,white,plum
589,5.5,2.739130435,8,A_50,white,plum
590,6.325,2.830434783,8,A_50,white,plum
591,6.141666667,2.830434783,12,A_40,white,plum
592,6.325,2.830434783,12,A_40,white,plum
593,5.316666667,2.465217391,12,A_40,white,plum
594,6.233333333,2.92173913,12,A_40,white,plum
595,6.141666667,3.013043478,12,A_40,white,plum
596,6.141666667,2.739130435,11,B_10,white,plum
597,5.775,2.282608696,11,B_10,white,plum
598,5.958333333,2.739130435,11,B_10,white,plum
599,5.683333333,3.104347826,11,B_10,white,plum
600,5.408333333,2.739130435,11,B_10,white,plum
601,4.8,3.38,10,A_52,light_pink,apricot
602,4.6,2.88,10,A-52,light_pink,apricot
603,4.4,3.08,10,A-52,light_pink,apricot
604,4.3,2.98,10,A-52,light_pink,apricot
605,4.7,3.48,10,A-52,light_pink,apricot
606,5.1,3.78,8,A_50,light_pink,apricot
607,4.3,3.28,8,A_50,light_pink,apricot
608,4.7,3.28,8,A_50,light_pink,apricot
609,4.1,2.78,8,A_50,light_pink,apricot
610,4.6,2.98,8,A_50,light_pink,apricot
611,5.1,3.58,12,A_40,light_pink,apricot
612,4.5,3.28,12,A_40,light_pink,apricot
613,4.5,2.88,12,A_40,light_pink,apricot
614,4,2.88,12,A_40,light_pink,apricot
615,5.5,3.88,12,A_40,light_pink,apricot
616,5.4,4.28,11,B_10,light_pink,apricot
617,5.1,3.78,11,B_10,light_pink,apricot
618,4.8,3.38,11,B_10,light_pink,apricot
619,5.4,3.68,11,B_10,light_pink,apricot
620,4.8,3.68,11,B_10,light_pink,apricot
621,5.1,3.28,11,B_10,light_pink,apricot
622,4.8,3.58,9,B_06,light_pink,apricot
623,4.3,3.48,9,B_06,light_pink,apricot
624,4.8,3.18,9,B_06,light_pink,apricot
625,4.5,3.28,9,B_06,light_pink,apricot
626,4.7,2.88,9,B_06,light_pink,apricot
627,4.7,3.28,10,A_52,light_pink,apricot
628,4.9,3.38,10,A-52,light_pink,apricot
629,4.9,3.28,10,A-52,light_pink,apricot
630,4.4,3.08,10,A-52,light_pink,apricot
631,4.5,2.98,10,A-52,light_pink,apricot
632,5.1,3.28,8,A_50,light_pink,apricot
633,4.9,3.98,8,A_50,light_pink,apricot
634,5.2,4.08,8,A_50,light_pink,apricot
635,4.6,2.98,8,A_50,light_pink,apricot
636,4.7,3.08,8,A_50,light_pink,apricot
637,5.2,3.38,12,A_40,light_pink,apricot
638,4.6,2.98,12,A_40,light_pink,apricot
639,4.1,2.88,12,A_40,light_pink,apricot
640,4.8,3.28,12,A_40,light_pink,apricot
641,4.7,3.38,12,A_40,light_pink,apricot
642,4.2,2.18,11,B_10,light_pink,apricot
643,4.1,3.08,11,B_10,light_pink,apricot
644,4.7,3.38,11,B_10,light_pink,apricot
645,4.8,3.68,11,B_10,light_pink,apricot
646,4.5,2.88,11,B_10,light_pink,apricot
647,4.8,3.68,11,B_10,light_pink,apricot
648,4.3,3.08,9,B_06,light_pink,apricot
649,5,3.58,9,B_06,light_pink,apricot
650,4.7,3.18,9,B_06,light_pink,apricot
651,6.7,3.08,9,B_06,pink,peach
652,6.1,3.08,9,B_06,pink,peach
653,6.6,2.98,10,A_52,pink,peach
654,5.2,2.18,10,A-52,pink,peach
655,6.2,2.68,10,A-52,pink,peach
656,5.4,2.68,10,A-52,pink,peach
657,6,3.18,10,A-52,pink,peach
658,4.6,2.28,8,A_50,pink,peach
659,6.3,2.78,8,A_50,pink,peach
660,4.9,2.58,8,A_50,pink,peach
661,4.7,1.88,8,A_50,pink,peach
662,5.6,2.88,8,A_50,pink,peach
663,5.7,2.08,12,A_40,pink,peach
664,5.8,2.78,12,A_40,pink,peach
665,5.3,2.78,12,A_40,pink,peach
666,6.4,2.98,12,A_40,pink,peach
667,5.3,2.88,12,A_40,pink,peach
668,5.5,2.58,11,B_10,pink,peach
669,5.9,2.08,11,B_10,pink,peach
670,5.3,2.38,11,B_10,pink,peach
671,5.6,3.08,11,B_10,pink,peach
672,5.8,2.68,11,B_10,pink,peach
673,6,2.38,11,B_10,pink,peach
674,5.8,2.68,9,B_06,pink,peach
675,6.1,2.78,9,B_06,pink,peach
676,6.3,2.88,9,B_06,pink,peach
677,6.5,2.68,9,B_06,pink,peach
678,6.4,2.88,9,B_06,pink,peach
679,5.7,2.78,10,A_52,pink,peach
680,5.4,2.48,10,A-52,pink,peach
681,5.2,2.28,10,A-52,pink,peach
682,5.2,2.28,10,A-52,pink,peach
683,5.5,2.58,10,A-52,pink,peach
684,5.7,2.58,8,A_50,pink,peach
685,5.1,2.88,8,A_50,pink,peach
686,5.7,3.28,8,A_50,pink,peach
687,6.4,2.98,8,A_50,pink,peach
688,6,2.18,8,A_50,pink,peach
689,5.3,2.88,12,A_40,pink,peach
690,5.2,2.38,12,A_40,pink,peach
691,5.2,2.48,12,A_40,pink,peach
692,5.8,2.88,12,A_40,pink,peach
693,5.5,2.48,12,A_40,pink,peach
694,4.7,2.18,11,B_10,pink,peach
695,5.3,2.58,11,B_10,pink,peach
696,5.4,2.88,11,B_10,pink,peach
697,5.4,2.78,11,B_10,pink,peach
698,5.9,2.78,11,B_10,pink,peach
699,4.8,2.38,11,B_10,pink,peach
700,5.4,2.68,9,B_06,pink,peach
701,6,3.18,9,B_06,white,plum
702,5.5,2.58,9,B_06,white,plum
703,6.8,2.88,9,B_06,white,plum
704,6,2.78,9,B_06,white,plum
705,6.2,2.88,10,A_52,white,plum
706,7.3,2.88,10,A-52,white,plum
707,4.6,2.38,10,A-52,white,plum
708,7,2.78,10,A-52,white,plum
709,6.4,2.38,10,A-52,white,plum
710,6.9,3.48,8,A_50,white,plum
711,6.2,3.08,8,A_50,white,plum
712,6.1,2.58,8,A_50,white,plum
713,6.5,2.88,8,A_50,white,plum
714,5.4,2.38,8,A_50,white,plum
715,5.5,2.68,12,A_40,white,plum
716,6.1,3.08,12,A_40,white,plum
717,6.2,2.88,12,A_40,white,plum
718,7.4,3.68,12,A_40,white,plum
719,7.4,2.48,12,A_40,white,plum
720,5.7,2.08,11,B_10,white,plum
721,6.6,3.08,11,B_10,white,plum
722,5.3,2.68,11,B_10,white,plum
723,7.4,2.68,11,B_10,white,plum
724,6,2.58,11,B_10,white,plum
725,6.4,3.18,11,B_10,white,plum
726,6.9,3.08,9,B_06,white,plum
727,5.9,2.68,9,B_06,white,plum
728,5.8,2.88,9,B_06,white,plum
729,6.1,2.68,9,B_06,white,plum
730,6.9,2.88,9,B_06,white,plum
731,7.1,2.68,10,A_52,white,plum
732,7.6,3.68,10,A-52,white,plum
733,6.1,2.68,10,A-52,white,plum
734,6,2.68,10,A-52,white,plum
735,5.8,2.48,10,A-52,white,plum
736,7.4,2.88,8,A_50,white,plum
737,6,3.28,8,A_50,white,plum
738,6.1,2.98,8,A_50,white,plum
739,5.7,2.88,8,A_50,white,plum
740,6.6,2.98,8,A_50,white,plum
741,6.4,2.98,12,A_40,white,plum
742,6.6,2.98,12,A_40,white,plum
743,5.5,2.58,12,A_40,white,plum
744,6.5,3.08,12,A_40,white,plum
745,6.4,3.18,12,A_40,white,plum
746,6.4,2.88,11,B_10,white,plum
747,6,2.38,11,B_10,white,plum
748,6.2,2.88,11,B_10,white,plum
749,5.9,3.28,11,B_10,white,plum
750,5.6,2.88,11,B_10,white,plum
751,5.28,4.4,10,A_52,light_pink,apricot
752,5.08,3.9,10,A-52,light_pink,apricot
753,4.88,4.1,10,A-52,light_pink,apricot
754,4.78,4,10,A-52,light_pink,apricot
755,5.18,4.5,10,A-52,light_pink,apricot
756,5.58,4.8,8,A_50,light_pink,apricot
757,4.78,4.3,8,A_50,light_pink,apricot
758,5.18,4.3,8,A_50,light_pink,apricot
759,4.58,3.8,8,A_50,light_pink,apricot
760,5.08,4,8,A_50,light_pink,apricot
761,5.58,4.6,12,A_40,light_pink,apricot
762,4.98,4.3,12,A_40,light_pink,apricot
763,4.98,3.9,12,A_40,light_pink,apricot
764,4.48,3.9,12,A_40,light_pink,apricot
765,5.98,4.9,12,A_40,light_pink,apricot
766,5.88,5.3,11,B_10,light_pink,apricot
767,5.58,4.8,11,B_10,light_pink,apricot
768,5.28,4.4,11,B_10,light_pink,apricot
769,5.88,4.7,11,B_10,light_pink,apricot
770,5.28,4.7,11,B_10,light_pink,apricot
771,5.58,4.3,11,B_10,light_pink,apricot
772,5.28,4.6,9,B_06,light_pink,apricot
773,4.78,4.5,9,B_06,light_pink,apricot
774,5.28,4.2,9,B_06,light_pink,apricot
775,4.98,4.3,9,B_06,light_pink,apricot
776,5.18,3.9,9,B_06,light_pink,apricot
777,5.18,4.3,10,A_52,light_pink,apricot
778,5.38,4.4,10,A-52,light_pink,apricot
779,5.38,4.3,10,A-52,light_pink,apricot
780,4.88,4.1,10,A-52,light_pink,apricot
781,4.98,4,10,A-52,light_pink,apricot
782,5.58,4.3,8,A_50,light_pink,apricot
783,5.38,5,8,A_50,light_pink,apricot
784,5.68,5.1,8,A_50,light_pink,apricot
785,5.08,4,8,A_50,light_pink,apricot
786,5.18,4.1,8,A_50,light_pink,apricot
787,5.68,4.4,12,A_40,light_pink,apricot
788,5.08,4,12,A_40,light_pink,apricot
789,4.58,3.9,12,A_40,light_pink,apricot
790,5.28,4.3,12,A_40,light_pink,apricot
791,5.18,4.4,12,A_40,light_pink,apricot
792,4.68,3.2,11,B_10,light_pink,apricot
793,4.58,4.1,11,B_10,light_pink,apricot
794,5.18,4.4,11,B_10,light_pink,apricot
795,5.28,4.7,11,B_10,light_pink,apricot
796,4.98,3.9,11,B_10,light_pink,apricot
797,5.28,4.7,11,B_10,light_pink,apricot
798,4.78,4.1,9,B_06,light_pink,apricot
799,5.48,4.6,9,B_06,light_pink,apricot
800,5.18,4.2,9,B_06,light_pink,apricot
801,7.18,4.1,9,B_06,pink,peach
802,6.58,4.1,9,B_06,pink,peach
803,7.08,4,10,A_52,pink,peach
804,5.68,3.2,10,A-52,pink,peach
805,6.68,3.7,10,A-52,pink,peach
806,5.88,3.7,10,A-52,pink,peach
807,6.48,4.2,10,A-52,pink,peach
808,5.08,3.3,8,A_50,pink,peach
809,6.78,3.8,8,A_50,pink,peach
810,5.38,3.6,8,A_50,pink,peach
811,5.18,2.9,8,A_50,pink,peach
812,6.08,3.9,8,A_50,pink,peach
813,6.18,3.1,12,A_40,pink,peach
814,6.28,3.8,12,A_40,pink,peach
815,5.78,3.8,12,A_40,pink,peach
816,6.88,4,12,A_40,pink,peach
817,5.78,3.9,12,A_40,pink,peach
818,5.98,3.6,11,B_10,pink,peach
819,6.38,3.1,11,B_10,pink,peach
820,5.78,3.4,11,B_10,pink,peach
821,6.08,4.1,11,B_10,pink,peach
822,6.28,3.7,11,B_10,pink,peach
823,6.48,3.4,11,B_10,pink,peach
824,6.28,3.7,9,B_06,pink,peach
825,6.58,3.8,9,B_06,pink,peach
826,6.78,3.9,9,B_06,pink,peach
827,6.98,3.7,9,B_06,pink,peach
828,6.88,3.9,9,B_06,pink,peach
829,6.18,3.8,10,A_52,pink,peach
830,5.88,3.5,10,A-52,pink,peach
831,5.68,3.3,10,A-52,pink,peach
832,5.68,3.3,10,A-52,pink,peach
833,5.98,3.6,10,A-52,pink,peach
834,6.18,3.6,8,A_50,pink,peach
835,5.58,3.9,8,A_50,pink,peach
836,6.18,4.3,8,A_50,pink,peach
837,6.88,4,8,A_50,pink,peach
838,6.48,3.2,8,A_50,pink,peach
839,5.78,3.9,12,A_40,pink,peach
840,5.68,3.4,12,A_40,pink,peach
841,5.68,3.5,12,A_40,pink,peach
842,6.28,3.9,12,A_40,pink,peach
843,5.98,3.5,12,A_40,pink,peach
844,5.18,3.2,11,B_10,pink,peach
845,5.78,3.6,11,B_10,pink,peach
846,5.88,3.9,11,B_10,pink,peach
847,5.88,3.8,11,B_10,pink,peach
848,6.38,3.8,11,B_10,pink,peach
849,5.28,3.4,11,B_10,pink,peach
850,5.88,3.7,9,B_06,pink,peach
851,6.48,4.2,9,B_06,white,plum
852,5.98,3.6,9,B_06,white,plum
853,7.28,3.9,9,B_06,white,plum
854,6.48,3.8,9,B_06,white,plum
855,6.68,3.9,10,A_52,white,plum
856,7.78,3.9,10,A-52,white,plum
857,5.08,3.4,10,A-52,white,plum
858,7.48,3.8,10,A-52,white,plum
859,6.88,3.4,10,A-52,white,plum
860,7.38,4.5,8,A_50,white,plum
861,6.68,4.1,8,A_50,white,plum
862,6.58,3.6,8,A_50,white,plum
863,6.98,3.9,8,A_50,white,plum
864,5.88,3.4,8,A_50,white,plum
865,5.98,3.7,12,A_40,white,plum
866,6.58,4.1,12,A_40,white,plum
867,6.68,3.9,12,A_40,white,plum
868,7.88,4.7,12,A_40,white,plum
869,7.88,3.5,12,A_40,white,plum
870,6.18,3.1,11,B_10,white,plum
871,7.08,4.1,11,B_10,white,plum
872,5.78,3.7,11,B_10,white,plum
873,7.88,3.7,11,B_10,white,plum
874,6.48,3.6,11,B_10,white,plum
875,6.88,4.2,11,B_10,white,plum
876,7.38,4.1,9,B_06,white,plum
877,6.38,3.7,9,B_06,white,plum
878,6.28,3.9,9,B_06,white,plum
879,6.58,3.7,9,B_06,white,plum
880,7.38,3.9,9,B_06,white,plum
881,7.58,3.7,10,A_52,white,plum
882,8.08,4.7,10,A-52,white,plum
883,6.58,3.7,10,A-52,white,plum
884,6.48,3.7,10,A-52,white,plum
885,6.28,3.5,10,A-52,white,plum
886,7.88,3.9,8,A_50,white,plum
887,6.48,4.3,8,A_50,white,plum
888,6.58,4,8,A_50,white,plum
889,6.18,3.9,8,A_50,white,plum
890,7.08,4,8,A_50,white,plum
891,6.88,4,12,A_40,white,plum
892,7.08,4,12,A_40,white,plum
893,5.98,3.6,12,A_40,white,plum
894,6.98,4.1,12,A_40,white,plum
895,6.88,4.2,12,A_40,white,plum
896,6.88,3.9,11,B_10,white,plum
897,6.48,3.4,11,B_10,white,plum
898,6.68,3.9,11,B_10,white,plum
899,6.38,4.3,11,B_10,white,plum
900,6.08,3.9,11,B_10,white,plum
901,5.15,3.48,10,A_52,light_pink,apricot
902,4.95,2.98,10,A-52,light_pink,apricot
903,4.75,3.18,10,A-52,light_pink,apricot
904,4.65,3.08,10,A-52,light_pink,apricot
905,5.05,3.58,10,A-52,light_pink,apricot
906,5.45,3.88,8,A_50,light_pink,apricot
907,4.65,3.38,8,A_50,light_pink,apricot
908,5.05,3.38,8,A_50,light_pink,apricot
909,4.45,2.88,8,A_50,light_pink,apricot
910,4.95,3.08,8,A_50,light_pink,apricot
911,5.45,3.68,12,A_40,light_pink,apricot
912,4.85,3.38,12,A_40,light_pink,apricot
913,4.85,2.98,12,A_40,light_pink,apricot
914,4.35,2.98,12,A_40,light_pink,apricot
915,5.85,3.98,12,A_40,light_pink,apricot
916,5.75,4.38,11,B_10,light_pink,apricot
917,5.45,3.88,11,B_10,light_pink,apricot
918,5.15,3.48,11,B_10,light_pink,apricot
919,5.75,3.78,11,B_10,light_pink,apricot
920,5.15,3.78,11,B_10,light_pink,apricot
921,5.45,3.38,11,B_10,light_pink,apricot
922,5.15,3.68,9,B_06,light_pink,apricot
923,4.65,3.58,9,B_06,light_pink,apricot
924,5.15,3.28,9,B_06,light_pink,apricot
925,4.85,3.38,9,B_06,light_pink,apricot
926,5.05,2.98,9,B_06,light_pink,apricot
927,5.05,3.38,10,A_52,light_pink,apricot
928,5.25,3.48,10,A-52,light_pink,apricot
929,5.25,3.38,10,A-52,light_pink,apricot
930,4.75,3.18,10,A-52,light_pink,apricot
931,4.85,3.08,10,A-52,light_pink,apricot
932,5.45,3.38,8,A_50,light_pink,apricot
933,5.25,4.08,8,A_50,light_pink,apricot
934,5.55,4.18,8,A_50,light_pink,apricot
935,4.95,3.08,8,A_50,light_pink,apricot
936,5.05,3.18,8,A_50,light_pink,apricot
937,5.55,3.48,12,A_40,light_pink,apricot
938,4.95,3.08,12,A_40,light_pink,apricot
939,4.45,2.98,12,A_40,light_pink,apricot
940,5.15,3.38,12,A_40,light_pink,apricot
941,5.05,3.48,12,A_40,light_pink,apricot
942,4.55,2.28,11,B_10,light_pink,apricot
943,4.45,3.18,11,B_10,light_pink,apricot
944,5.05,3.48,11,B_10,light_pink,apricot
945,5.15,3.78,11,B_10,light_pink,apricot
946,4.85,2.98,11,B_10,light_pink,apricot
947,5.15,3.78,11,B_10,light_pink,apricot
948,4.65,3.18,9,B_06,light_pink,apricot
949,5.35,3.68,9,B_06,light_pink,apricot
950,5.05,3.28,9,B_06,light_pink,apricot
951,7.05,3.18,9,B_06,pink,peach
952,6.45,3.18,9,B_06,pink,peach
953,6.95,3.08,10,A_52,pink,peach
954,5.55,2.28,10,A-52,pink,peach
955,6.55,2.78,10,A-52,pink,peach
956,5.75,2.78,10,A-52,pink,peach
957,6.35,3.28,10,A-52,pink,peach
958,4.95,2.38,8,A_50,pink,peach
959,6.65,2.88,8,A_50,pink,peach
960,5.25,2.68,8,A_50,pink,peach
961,5.05,1.98,8,A_50,pink,peach
962,5.95,2.98,8,A_50,pink,peach
963,6.05,2.18,12,A_40,pink,peach
964,6.15,2.88,12,A_40,pink,peach
965,5.65,2.88,12,A_40,pink,peach
966,6.75,3.08,12,A_40,pink,peach
967,5.65,2.98,12,A_40,pink,peach
968,5.85,2.68,11,B_10,pink,peach
969,6.25,2.18,11,B_10,pink,peach
970,5.65,2.48,11,B_10,pink,peach
971,5.95,3.18,11,B_10,pink,peach
972,6.15,2.78,11,B_10,pink,peach
973,6.35,2.48,11,B_10,pink,peach
974,6.15,2.78,9,B_06,pink,peach
975,6.45,2.88,9,B_06,pink,peach
976,6.65,2.98,9,B_06,pink,peach
977,6.85,2.78,9,B_06,pink,peach
978,6.75,2.98,9,B_06,pink,peach
979,6.05,2.88,10,A_52,pink,peach
980,5.75,2.58,10,A-52,pink,peach
981,5.55,2.38,10,A-52,pink,peach
982,5.55,2.38,10,A-52,pink,peach
983,5.85,2.68,10,A-52,pink,peach
984,6.05,2.68,8,A_50,pink,peach
985,5.45,2.98,8,A_50,pink,peach
986,6.05,3.38,8,A_50,pink,peach
987,6.75,3.08,8,A_50,pink,peach
988,6.35,2.28,8,A_50,pink,peach
989,5.65,2.98,12,A_40,pink,peach
990,5.55,2.48,12,A_40,pink,peach
991,5.55,2.58,12,A_40,pink,peach
992,6.15,2.98,12,A_40,pink,peach
993,5.85,2.58,12,A_40,pink,peach
994,5.05,2.28,11,B_10,pink,peach
995,5.65,2.68,11,B_10,pink,peach
996,5.75,2.98,11,B_10,pink,peach
997,5.75,2.88,11,B_10,pink,peach
998,6.25,2.88,11,B_10,pink,peach
999,5.15,2.48,11,B_10,pink,peach
1000,5.75,2.78,9,B_06,pink,peach
1001,6.35,3.28,9,B_06,white,plum
1002,5.85,2.68,9,B_06,white,plum
1003,7.15,2.98,9,B_06,white,plum
1004,6.35,2.88,9,B_06,white,plum
1005,6.55,2.98,10,A_52,white,plum
1006,7.65,2.98,10,A-52,white,plum
1007,4.95,2.48,10,A-52,white,plum
1008,7.35,2.88,10,A-52,white,plum
1009,6.75,2.48,10,A-52,white,plum
1010,7.25,3.58,8,A_50,white,plum
1011,6.55,3.18,8,A_50,white,plum
1012,6.45,2.68,8,A_50,white,plum
1013,6.85,2.98,8,A_50,white,plum
1014,5.75,2.48,8,A_50,white,plum
1015,5.85,2.78,12,A_40,white,plum
1016,6.45,3.18,12,A_40,white,plum
1017,6.55,2.98,12,A_40,white,plum
1018,7.75,3.78,12,A_40,white,plum
1019,7.75,2.58,12,A_40,white,plum
1020,6.05,2.18,11,B_10,white,plum
1021,6.95,3.18,11,B_10,white,plum
1022,5.65,2.78,11,B_10,white,plum
1023,7.75,2.78,11,B_10,white,plum
1024,6.35,2.68,11,B_10,white,plum
1025,6.75,3.28,11,B_10,white,plum
1026,7.25,3.18,9,B_06,white,plum
1027,6.25,2.78,9,B_06,white,plum
1028,6.15,2.98,9,B_06,white,plum
1029,6.45,2.78,9,B_06,white,plum
1030,7.25,2.98,9,B_06,white,plum
1031,7.45,2.78,10,A_52,white,plum
1032,7.95,3.78,10,A-52,white,plum
1033,6.45,2.78,10,A-52,white,plum
1034,6.35,2.78,10,A-52,white,plum
1035,6.15,2.58,10,A-52,white,plum
1036,7.75,2.98,8,A_50,white,plum
1037,6.35,3.38,8,A_50,white,plum
1038,6.45,3.08,8,A_50,white,plum
1039,6.05,2.98,8,A_50,white,plum
1040,6.95,3.08,8,A_50,white,plum
1041,6.75,3.08,12,A_40,white,plum
1042,6.95,3.08,12,A_40,white,plum
1043,5.85,2.68,12,A_40,white,plum
1044,6.85,3.18,12,A_40,white,plum
1045,6.75,3.28,12,A_40,white,plum
1046,6.75,2.98,11,B_10,white,plum
1047,6.35,2.48,11,B_10,white,plum
1048,6.55,2.98,11,B_10,white,plum
1049,6.25,3.38,11,B_10,white,plum
1050,5.95,2.98,11,B_10,white,plum
1051,5.6712,3.92,10,A_52,light_pink,apricot
1052,5.4488,3.36,10,A-52,light_pink,apricot
1053,5.2264,3.584,10,A-52,light_pink,apricot
1054,5.1152,3.472,10,A-52,light_pink,apricot
1055,5.56,4.032,10,A-52,light_pink,apricot
1056,6.0048,4.368,8,A_50,light_pink,apricot
1057,5.1152,3.808,8,A_50,light_pink,apricot
1058,5.56,3.808,8,A_50,light_pink,apricot
1059,4.8928,3.248,8,A_50,light_pink,apricot
1060,5.4488,3.472,8,A_50,light_pink,apricot
1061,6.0048,4.144,12,A_40,light_pink,apricot
1062,5.3376,3.808,12,A_40,light_pink,apricot
1063,5.3376,3.36,12,A_40,light_pink,apricot
1064,4.7816,3.36,12,A_40,light_pink,apricot
1065,6.4496,4.48,12,A_40,light_pink,apricot
1066,6.3384,4.928,11,B_10,light_pink,apricot
1067,6.0048,4.368,11,B_10,light_pink,apricot
1068,5.6712,3.92,11,B_10,light_pink,apricot
1069,6.3384,4.256,11,B_10,light_pink,apricot
1070,5.6712,4.256,11,B_10,light_pink,apricot
1071,6.0048,3.808,11,B_10,light_pink,apricot
1072,5.6712,4.144,9,B_06,light_pink,apricot
1073,5.1152,4.032,9,B_06,light_pink,apricot
1074,5.6712,3.696,9,B_06,light_pink,apricot
1075,5.3376,3.808,9,B_06,light_pink,apricot
1076,5.56,3.36,9,B_06,light_pink,apricot
1077,5.56,3.808,10,A_52,light_pink,apricot
1078,5.7824,3.92,10,A-52,light_pink,apricot
1079,5.7824,3.808,10,A-52,light_pink,apricot
1080,5.2264,3.584,10,A-52,light_pink,apricot
1081,5.3376,3.472,10,A-52,light_pink,apricot
1082,6.0048,3.808,8,A_50,light_pink,apricot
1083,5.7824,4.592,8,A_50,light_pink,apricot
1084,6.116,4.704,8,A_50,light_pink,apricot
1085,5.4488,3.472,8,A_50,light_pink,apricot
1086,5.56,3.584,8,A_50,light_pink,apricot
1087,6.116,3.92,12,A_40,light_pink,apricot
1088,5.4488,3.472,12,A_40,light_pink,apricot
1089,4.8928,3.36,12,A_40,light_pink,apricot
1090,5.6712,3.808,12,A_40,light_pink,apricot
1091,5.56,3.92,12,A_40,light_pink,apricot
1092,5.004,2.576,11,B_10,light_pink,apricot
1093,4.8928,3.584,11,B_10,light_pink,apricot
1094,5.56,3.92,11,B_10,light_pink,apricot
1095,5.6712,4.256,11,B_10,light_pink,apricot
1096,5.3376,3.36,11,B_10,light_pink,apricot
1097,5.6712,4.256,11,B_10,light_pink,apricot
1098,5.1152,3.584,9,B_06,light_pink,apricot
1099,5.8936,4.144,9,B_06,light_pink,apricot
1100,5.56,3.696,9,B_06,light_pink,apricot
1101,7.784,3.584,9,B_06,pink,peach
1102,7.1168,3.584,9,B_06,pink,peach
1103,7.6728,3.472,10,A_52,pink,peach
1104,6.116,2.576,10,A-52,pink,peach
1105,7.228,3.136,10,A-52,pink,peach
1106,6.3384,3.136,10,A-52,pink,peach
1107,7.0056,3.696,10,A-52,pink,peach
1108,5.4488,2.688,8,A_50,pink,peach
1109,7.3392,3.248,8,A_50,pink,peach
1110,5.7824,3.024,8,A_50,pink,peach
1111,5.56,2.24,8,A_50,pink,peach
1112,6.5608,3.36,8,A_50,pink,peach
1113,6.672,2.464,12,A_40,pink,peach
1114,6.7832,3.248,12,A_40,pink,peach
1115,6.2272,3.248,12,A_40,pink,peach
1116,7.4504,3.472,12,A_40,pink,peach
1117,6.2272,3.36,12,A_40,pink,peach
1118,6.4496,3.024,11,B_10,pink,peach
1119,6.8944,2.464,11,B_10,pink,peach
1120,6.2272,2.8,11,B_10,pink,peach
1121,6.5608,3.584,11,B_10,pink,peach
1122,6.7832,3.136,11,B_10,pink,peach
1123,7.0056,2.8,11,B_10,pink,peach
1124,6.7832,3.136,9,B_06,pink,peach
1125,7.1168,3.248,9,B_06,pink,peach
1126,7.3392,3.36,9,B_06,pink,peach
1127,7.5616,3.136,9,B_06,pink,peach
1128,7.4504,3.36,9,B_06,pink,peach
1129,6.672,3.248,10,A_52,pink,peach
1130,6.3384,2.912,10,A-52,pink,peach
1131,6.116,2.688,10,A-52,pink,peach
1132,6.116,2.688,10,A-52,pink,peach
1133,6.4496,3.024,10,A-52,pink,peach
1134,6.672,3.024,8,A_50,pink,peach
1135,6.0048,3.36,8,A_50,pink,peach
1136,6.672,3.808,8,A_50,pink,peach
1137,7.4504,3.472,8,A_50,pink,peach
1138,7.0056,2.576,8,A_50,pink,peach
1139,6.2272,3.36,12,A_40,pink,peach
1140,6.116,2.8,12,A_40,pink,peach
1141,6.116,2.912,12,A_40,pink,peach
1142,6.7832,3.36,12,A_40,pink,peach
1143,6.4496,2.912,12,A_40,pink,peach
1144,5.56,2.576,11,B_10,pink,peach
1145,6.2272,3.024,11,B_10,pink,peach
1146,6.3384,3.36,11,B_10,pink,peach
1147,6.3384,3.248,11,B_10,pink,peach
1148,6.8944,3.248,11,B_10,pink,peach
1149,5.6712,2.8,11,B_10,pink,peach
1150,6.3384,3.136,9,B_06,pink,peach
1151,7.0056,3.696,9,B_06,white,plum
1152,6.4496,3.024,9,B_06,white,plum
1153,7.8952,3.36,9,B_06,white,plum
1154,7.0056,3.248,9,B_06,white,plum
1155,7.228,3.36,10,A_52,white,plum
1156,8.4512,3.36,10,A-52,white,plum
1157,5.4488,2.8,10,A-52,white,plum
1158,8.1176,3.248,10,A-52,white,plum
1159,7.4504,2.8,10,A-52,white,plum
1160,8.0064,4.032,8,A_50,white,plum
1161,7.228,3.584,8,A_50,white,plum
1162,7.1168,3.024,8,A_50,white,plum
1163,7.5616,3.36,8,A_50,white,plum
1164,6.3384,2.8,8,A_50,white,plum
1165,6.4496,3.136,12,A_40,white,plum
1166,7.1168,3.584,12,A_40,white,plum
1167,7.228,3.36,12,A_40,white,plum
1168,8.5624,4.256,12,A_40,white,plum
1169,8.5624,2.912,12,A_40,white,plum
1170,6.672,2.464,11,B_10,white,plum
1171,7.6728,3.584,11,B_10,white,plum
1172,6.2272,3.136,11,B_10,white,plum
1173,8.5624,3.136,11,B_10,white,plum
1174,7.0056,3.024,11,B_10,white,plum
1175,7.4504,3.696,11,B_10,white,plum
1176,8.0064,3.584,9,B_06,white,plum
1177,6.8944,3.136,9,B_06,white,plum
1178,6.7832,3.36,9,B_06,white,plum
1179,7.1168,3.136,9,B_06,white,plum
1180,8.0064,3.36,9,B_06,white,plum
1181,8.2288,3.136,10,A_52,white,plum
1182,8.7848,4.256,10,A-52,white,plum
1183,7.1168,3.136,10,A-52,white,plum
1184,7.0056,3.136,10,A-52,white,plum
1185,6.7832,2.912,10,A-52,white,plum
1186,8.5624,3.36,8,A_50,white,plum
1187,7.0056,3.808,8,A_50,white,plum
1188,7.1168,3.472,8,A_50,white,plum
1189,6.672,3.36,8,A_50,white,plum
1190,7.6728,3.472,8,A_50,white,plum
1191,7.4504,3.472,12,A_40,white,plum
1192,7.6728,3.472,12,A_40,white,plum
1193,6.4496,3.024,12,A_40,white,plum
1194,7.5616,3.584,12,A_40,white,plum
1195,7.4504,3.696,12,A_40,white,plum
1196,7.4504,3.36,11,B_10,white,plum
1197,7.0056,2.8,11,B_10,white,plum
1198,7.228,3.36,11,B_10,white,plum
1199,6.8944,3.808,11,B_10,white,plum
1200,6.5608,3.36,11,B_10,white,plum
1201,5.202,3.57,10,A_52,light_pink,apricot
1202,4.998,3.06,10,A-52,light_pink,apricot
1203,4.794,3.264,10,A-52,light_pink,apricot
1204,4.692,3.162,10,A-52,light_pink,apricot
1205,5.1,3.672,10,A-52,light_pink,apricot
1206,5.508,3.978,8,A_50,light_pink,apricot
1207,4.692,3.468,8,A_50,light_pink,apricot
1208,5.1,3.468,8,A_50,light_pink,apricot
1209,4.488,2.958,8,A_50,light_pink,apricot
1210,4.998,3.162,8,A_50,light_pink,apricot
1211,5.508,3.774,12,A_40,light_pink,apricot
1212,4.896,3.468,12,A_40,light_pink,apricot
1213,4.896,3.06,12,A_40,light_pink,apricot
1214,4.386,3.06,12,A_40,light_pink,apricot
1215,5.916,4.08,12,A_40,light_pink,apricot
1216,5.814,4.488,11,B_10,light_pink,apricot
1217,5.508,3.978,11,B_10,light_pink,apricot
1218,5.202,3.57,11,B_10,light_pink,apricot
1219,5.814,3.876,11,B_10,light_pink,apricot
1220,5.202,3.876,11,B_10,light_pink,apricot
1221,5.508,3.468,11,B_10,light_pink,apricot
1222,5.202,3.774,9,B_06,light_pink,apricot
1223,4.692,3.672,9,B_06,light_pink,apricot
1224,5.202,3.366,9,B_06,light_pink,apricot
1225,4.896,3.468,9,B_06,light_pink,apricot
1226,5.1,3.06,9,B_06,light_pink,apricot
1227,5.1,3.468,10,A_52,light_pink,apricot
1228,5.304,3.57,10,A-52,light_pink,apricot
1229,5.304,3.468,10,A-52,light_pink,apricot
1230,4.794,3.264,10,A-52,light_pink,apricot
1231,4.896,3.162,10,A-52,light_pink,apricot
1232,5.508,3.468,8,A_50,light_pink,apricot
1233,5.304,4.182,8,A_50,light_pink,apricot
1234,5.61,4.284,8,A_50,light_pink,apricot
1235,4.998,3.162,8,A_50,light_pink,apricot
1236,5.1,3.264,8,A_50,light_pink,apricot
1237,5.61,3.57,12,A_40,light_pink,apricot
1238,4.998,3.162,12,A_40,light_pink,apricot
1239,4.488,3.06,12,A_40,light_pink,apricot
1240,5.202,3.468,12,A_40,light_pink,apricot
1241,5.1,3.57,12,A_40,light_pink,apricot
1242,4.59,2.346,11,B_10,light_pink,apricot
1243,4.488,3.264,11,B_10,light_pink,apricot
1244,5.1,3.57,11,B_10,light_pink,apricot
1245,5.202,3.876,11,B_10,light_pink,apricot
1246,4.896,3.06,11,B_10,light_pink,apricot
1247,5.202,3.876,11,B_10,light_pink,apricot
1248,4.692,3.264,9,B_06,light_pink,apricot
1249,5.406,3.774,9,B_06,light_pink,apricot
1250,5.1,3.366,9,B_06,light_pink,apricot
1251,7.14,3.264,9,B_06,pink,peach
1252,6.528,3.264,9,B_06,pink,peach
1253,7.038,3.162,10,A_52,pink,peach
1254,5.61,2.346,10,A-52,pink,peach
1255,6.63,2.856,10,A-52,pink,peach
1256,5.814,2.856,10,A-52,pink,peach
1257,6.426,3.366,10,A-52,pink,peach
1258,4.998,2.448,8,A_50,pink,peach
1259,6.732,2.958,8,A_50,pink,peach
1260,5.304,2.754,8,A_50,pink,peach
1261,5.1,2.04,8,A_50,pink,peach
1262,6.018,3.06,8,A_50,pink,peach
1263,6.12,2.244,12,A_40,pink,peach
1264,6.222,2.958,12,A_40,pink,peach
1265,5.712,2.958,12,A_40,pink,peach
1266,6.834,3.162,12,A_40,pink,peach
1267,5.712,3.06,12,A_40,pink,peach
1268,5.916,2.754,11,B_10,pink,peach
1269,6.324,2.244,11,B_10,pink,peach
1270,5.712,2.55,11,B_10,pink,peach
1271,6.018,3.264,11,B_10,pink,peach
1272,6.222,2.856,11,B_10,pink,peach
1273,6.426,2.55,11,B_10,pink,peach
1274,6.222,2.856,9,B_06,pink,peach
1275,6.528,2.958,9,B_06,pink,peach
1276,6.732,3.06,9,B_06,pink,peach
1277,6.936,2.856,9,B_06,pink,peach
1278,6.834,3.06,9,B_06,pink,peach
1279,6.12,2.958,10,A_52,pink,peach
1280,5.814,2.652,10,A-52,pink,peach
1281,5.61,2.448,10,A-52,pink,peach
1282,5.61,2.448,10,A-52,pink,peach
1283,5.916,2.754,10,A-52,pink,peach
1284,6.12,2.754,8,A_50,pink,peach
1285,5.508,3.06,8,A_50,pink,peach
1286,6.12,3.468,8,A_50,pink,peach
1287,6.834,3.162,8,A_50,pink,peach
1288,6.426,2.346,8,A_50,pink,peach
1289,5.712,3.06,12,A_40,pink,peach
1290,5.61,2.55,12,A_40,pink,peach
1291,5.61,2.652,12,A_40,pink,peach
1292,6.222,3.06,12,A_40,pink,peach
1293,5.916,2.652,12,A_40,pink,peach
1294,5.1,2.346,11,B_10,pink,peach
1295,5.712,2.754,11,B_10,pink,peach
1296,5.814,3.06,11,B_10,pink,peach
1297,5.814,2.958,11,B_10,pink,peach
1298,6.324,2.958,11,B_10,pink,peach
1299,5.202,2.55,11,B_10,pink,peach
1300,5.814,2.856,9,B_06,pink,peach
1301,6.426,3.366,9,B_06,white,plum
1302,5.916,2.754,9,B_06,white,plum
1303,7.242,3.06,9,B_06,white,plum
1304,6.426,2.958,9,B_06,white,plum
1305,6.63,3.06,10,A_52,white,plum
1306,7.752,3.06,10,A-52,white,plum
1307,4.998,2.55,10,A-52,white,plum
1308,7.446,2.958,10,A-52,white,plum
1309,6.834,2.55,10,A-52,white,plum
1310,7.344,3.672,8,A_50,white,plum
1311,6.63,3.264,8,A_50,white,plum
1312,6.528,2.754,8,A_50,white,plum
1313,6.936,3.06,8,A_50,white,plum
1314,5.814,2.55,8,A_50,white,plum
1315,5.916,2.856,12,A_40,white,plum
1316,6.528,3.264,12,A_40,white,plum
1317,6.63,3.06,12,A_40,white,plum
1318,7.854,3.876,12,A_40,white,plum
1319,7.854,2.652,12,A_40,white,plum
1320,6.12,2.244,11,B_10,white,plum
1321,7.038,3.264,11,B_10,white,plum
1322,5.712,2.856,11,B_10,white,plum
1323,7.854,2.856,11,B_10,white,plum
1324,6.426,2.754,11,B_10,white,plum
1325,6.834,3.366,11,B_10,white,plum
1326,7.344,3.264,9,B_06,white,plum
1327,6.324,2.856,9,B_06,white,plum
1328,6.222,3.06,9,B_06,white,plum
1329,6.528,2.856,9,B_06,white,plum
1330,7.344,3.06,9,B_06,white,plum
1331,7.548,2.856,10,A_52,white,plum
1332,8.058,3.876,10,A-52,white,plum
1333,6.528,2.856,10,A-52,white,plum
1334,6.426,2.856,10,A-52,white,plum
1335,6.222,2.652,10,A-52,white,plum
1336,7.854,3.06,8,A_50,white,plum
1337,6.426,3.468,8,A_50,white,plum
1338,6.528,3.162,8,A_50,white,plum
1339,6.12,3.06,8,A_50,white,plum
1340,7.038,3.162,8,A_50,white,plum
1341,6.834,3.162,12,A_40,white,plum
1342,7.038,3.162,12,A_40,white,plum
1343,5.916,2.754,12,A_40,white,plum
1344,6.936,3.264,12,A_40,white,plum
1345,6.834,3.366,12,A_40,white,plum
1346,6.834,3.06,11,B_10,white,plum
1347,6.426,2.55,11,B_10,white,plum
1348,6.63,3.06,11,B_10,white,plum
1349,6.324,3.468,11,B_10,white,plum
1350,6.018,3.06,11,B_10,white,plum
1351,5,3.4,10,A_52,light_pink,apricot
1352,4.8,2.9,10,A-52,light_pink,apricot
1353,4.6,3.1,10,A-52,light_pink,apricot
1354,4.5,3,10,A-52,light_pink,apricot
1355,4.9,3.5,10,A-52,light_pink,apricot
1356,5.3,3.8,8,A_50,light_pink,apricot
1357,4.5,3.3,8,A_50,light_pink,apricot
1358,4.9,3.3,8,A_50,light_pink,apricot
1359,4.3,2.8,8,A_50,light_pink,apricot
1360,4.8,3,8,A_50,light_pink,apricot
1361,5.3,3.6,12,A_40,light_pink,apricot
1362,4.7,3.3,12,A_40,light_pink,apricot
1363,4.7,2.9,12,A_40,light_pink,apricot
1364,4.2,2.9,12,A_40,light_pink,apricot
1365,5.7,3.9,12,A_40,light_pink,apricot
1366,5.6,4.3,11,B_10,light_pink,apricot
1367,5.3,3.8,11,B_10,light_pink,apricot
1368,5,3.4,11,B_10,light_pink,apricot
1369,5.6,3.7,11,B_10,light_pink,apricot
1370,5,3.7,11,B_10,light_pink,apricot
1371,5.3,3.3,11,B_10,light_pink,apricot
1372,5,3.6,9,B_06,light_pink,apricot
1373,4.5,3.5,9,B_06,light_pink,apricot
1374,5,3.2,9,B_06,light_pink,apricot
1375,4.7,3.3,9,B_06,light_pink,apricot
1376,4.9,2.9,9,B_06,light_pink,apricot
1377,4.9,3.3,10,A_52,light_pink,apricot
1378,5.1,3.4,10,A-52,light_pink,apricot
1379,5.1,3.3,10,A-52,light_pink,apricot
1380,4.6,3.1,10,A-52,light_pink,apricot
1381,4.7,3,10,A-52,light_pink,apricot
1382,5.3,3.3,8,A_50,light_pink,apricot
1383,5.1,4,8,A_50,light_pink,apricot
1384,5.4,4.1,8,A_50,light_pink,apricot
1385,4.8,3,8,A_50,light_pink,apricot
1386,4.9,3.1,8,A_50,light_pink,apricot
1387,5.4,3.4,12,A_40,light_pink,apricot
1388,4.8,3,12,A_40,light_pink,apricot
1389,4.3,2.9,12,A_40,light_pink,apricot
1390,5,3.3,12,A_40,light_pink,apricot
1391,4.9,3.4,12,A_40,light_pink,apricot
1392,4.4,2.2,11,B_10,light_pink,apricot
1393,4.3,3.1,11,B_10,light_pink,apricot
1394,4.9,3.4,11,B_10,light_pink,apricot
1395,5,3.7,11,B_10,light_pink,apricot
1396,4.7,2.9,11,B_10,light_pink,apricot
1397,5,3.7,11,B_10,light_pink,apricot
1398,4.5,3.1,9,B_06,light_pink,apricot
1399,5.2,3.6,9,B_06,light_pink,apricot
1400,4.9,3.2,9,B_06,light_pink,apricot
1401,6.9,3.1,9,B_06,pink,peach
1402,6.3,3.1,9,B_06,pink,peach
1403,6.8,3,10,A_52,pink,peach
1404,5.4,2.2,10,A-52,pink,peach
1405,6.4,2.7,10,A-52,pink,peach
1406,5.6,2.7,10,A-52,pink,peach
1407,6.2,3.2,10,A-52,pink,peach
1408,4.8,2.3,8,A_50,pink,peach
1409,6.5,2.8,8,A_50,pink,peach
1410,5.1,2.6,8,A_50,pink,peach
1411,4.9,1.9,8,A_50,pink,peach
1412,5.8,2.9,8,A_50,pink,peach
1413,5.9,2.1,12,A_40,pink,peach
1414,6,2.8,12,A_40,pink,peach
1415,5.5,2.8,12,A_40,pink,peach
1416,6.6,3,12,A_40,pink,peach
1417,5.5,2.9,12,A_40,pink,peach
1418,5.7,2.6,11,B_10,pink,peach
1419,6.1,2.1,11,B_10,pink,peach
1420,5.5,2.4,11,B_10,pink,peach
1421,5.8,3.1,11,B_10,pink,peach
1422,6,2.7,11,B_10,pink,peach
1423,6.2,2.4,11,B_10,pink,peach
1424,6,2.7,9,B_06,pink,peach
1425,6.3,2.8,9,B_06,pink,peach
1426,6.5,2.9,9,B_06,pink,peach
1427,6.7,2.7,9,B_06,pink,peach
1428,6.6,2.9,9,B_06,pink,peach
1429,5.9,2.8,10,A_52,pink,peach
1430,5.6,2.5,10,A-52,pink,peach
1431,5.4,2.3,10,A-52,pink,peach
1432,5.4,2.3,10,A-52,pink,peach
1433,5.7,2.6,10,A-52,pink,peach
1434,5.9,2.6,8,A_50,pink,peach
1435,5.3,2.9,8,A_50,pink,peach
1436,5.9,3.3,8,A_50,pink,peach
1437,6.6,3,8,A_50,pink,peach
1438,6.2,2.2,8,A_50,pink,peach
1439,5.5,2.9,12,A_40,pink,peach
1440,5.4,2.4,12,A_40,pink,peach
1441,5.4,2.5,12,A_40,pink,peach
1442,6,2.9,12,A_40,pink,peach
1443,5.7,2.5,12,A_40,pink,peach
1444,4.9,2.2,11,B_10,pink,peach
1445,5.5,2.6,11,B_10,pink,peach
1446,5.6,2.9,11,B_10,pink,peach
1447,5.6,2.8,11,B_10,pink,peach
1448,6.1,2.8,11,B_10,pink,peach
1449,5,2.4,11,B_10,pink,peach
1450,5.6,2.7,9,B_06,pink,peach
1451,6.2,3.2,9,B_06,white,plum
1452,5.7,2.6,9,B_06,white,plum
1453,7,2.9,9,B_06,white,plum
1454,6.2,2.8,9,B_06,white,plum
1455,6.4,2.9,10,A_52,white,plum
1456,7.5,2.9,10,A-52,white,plum
1457,4.8,2.4,10,A-52,white,plum
1458,7.2,2.8,10,A-52,white,plum
1459,6.6,2.4,10,A-52,white,plum
1460,7.1,3.5,8,A_50,white,plum
1461,6.4,3.1,8,A_50,white,plum
1462,6.3,2.6,8,A_50,white,plum
1463,6.7,2.9,8,A_50,white,plum
1464,5.6,2.4,8,A_50,white,plum
1465,5.7,2.7,12,A_40,white,plum
1466,6.3,3.1,12,A_40,white,plum
1467,6.4,2.9,12,A_40,white,plum
1468,7.6,3.7,12,A_40,white,plum
1469,7.6,2.5,12,A_40,white,plum
1470,5.9,2.1,11,B_10,white,plum
1471,6.8,3.1,11,B_10,white,plum
1472,5.5,2.7,11,B_10,white,plum
1473,7.6,2.7,11,B_10,white,plum
1474,6.2,2.6,11,B_10,white,plum
1475,6.6,3.2,11,B_10,white,plum
1476,7.1,3.1,9,B_06,white,plum
1477,6.1,2.7,9,B_06,white,plum
1478,6,2.9,9,B_06,white,plum
1479,6.3,2.7,9,B_06,white,plum
1480,7.1,2.9,9,B_06,white,plum
1481,7.3,2.7,10,A_52,white,plum
1482,7.8,3.7,10,A-52,white,plum
1483,6.3,2.7,10,A-52,white,plum
1484,6.2,2.7,10,A-52,white,plum
1485,6,2.5,10,A-52,white,plum
1486,7.6,2.9,8,A_50,white,plum
1487,6.2,3.3,8,A_50,white,plum
1488,6.3,3,8,A_50,white,plum
1489,5.9,2.9,8,A_50,white,plum
1490,6.8,3,8,A_50,white,plum
1491,6.6,3,12,A_40,white,plum
1492,6.8,3,12,A_40,white,plum
1493,5.7,2.6,12,A_40,white,plum
1494,6.7,3.1,12,A_40,white,plum
1495,6.6,3.2,12,A_40,white,plum
1496,6.6,2.9,11,B_10,white,plum
1497,6.2,2.4,11,B_10,white,plum
1498,6.4,2.9,11,B_10,white,plum
1499,6.1,3.3,11,B_10,white,plum
1500,5.8,2.9,11,B_10,white,plum
